strain,insertion: 24bp @ ref pos 0,insertion: 3bp @ ref pos 6991,insertion: 2bp @ ref pos 10399,insertion: 37bp @ ref pos 10411,insertion: 1bp @ ref pos 10442,insertion: 1bp @ ref pos 10462,insertion: 3bp @ ref pos 10477,insertion: 3bp @ ref pos 10483,insertion: 1bp @ ref pos 10487,insertion: 1bp @ ref pos 10788,insertion: 6bp @ ref pos 10828,insertion: 1bp @ ref pos 10907,insertion: 2bp @ ref pos 11013,insertion: 1bp @ ref pos 11020,insertion: 27bp @ ref pos 11029
KU588135.1WestNilevirusisolatecamel_completegenome,G,,,,,,,,,,,,,,
MN794937.1WestNilevirusstrainBNI-2635_completegenome,CCACG,CGA,,ATTGAGTAGTTGTATAGTTGTAG,,A,,GT,,,,,,A,
MN794938.1WestNilevirusstrainBNI-2615_completegenome,CCACG,CGA,,ATTGAGTAGTTGTATAGTTGTAG,,A,,GT,,,,,,A,
MN794939.1WestNilevirusstrainBNI-2432_completegenome,CCACG,CGA,,ATTGAGTAGTTGTATAGTTGTAG,,A,,GT,,,,,,A,
MH924836.1WestNilevirusisolateED-I-33/18-UM_completegenome,GG,CGA,,ATTGAGTAGTTGTATAGTTGTAG,,A,,GT,,,,,,A,TCTTTCCCCGCTGATTCCGCCAAGCCC
MN619803.1WestNilevirusisolateVolgograd829/18_completegenome,TGGCGGGCTTTACTATCTTGCTTG,CGA,,GTTGAGTAGTTGTATAGCTGTAG,,A,,GA,,,,,,,
DQ176636.2WestNilevirusstrainMadagascar-AnMg798_completegenome,,CAG,,ATT,,,,,,,,,,,
EF429197.1WestNilevirusSPU116/89_completegenome,,CGA,,ATTGAGTAGTTGTATAGTTGTAG,,A,,GA,,,,,RR,,
EF429198.1WestNilevirusSA93/01_completegenome,,CGA,,ATTGAGTAGTTGTATAGTTGTAG,,A,,GA,,,,,RR,,
JN393308.1WestNilevirusstrainHS101_08_completegenome,,CGA,,ATTGAGTAGTTGTATA,,A,,GA,,,,,,,
KY523178.1WestNilevirusisolateUG2274/Uganda/2009_completegenome,,CGA,,ATTGAGTAGTTGTATAGTTGTAG,,A,,GA,,,,,,,
LC318700.1WestNilevirusgenomicRNA_completegenome_strain_Zmq16m11,,CGA,,ATTGAGTAGTTGTATAGTTGTAG,,A,,GA,,,,,,,
EF429200.1WestNilevirusH442_completegenome,,CGA,,ATTGAGTAGTTGCATAGTTGTA,,A,,GA,,,A,,RR,,
JX041631.1WestNilevirusstrainLEIV-3266Ukr_completegenome,,CGA,,ATTGAGTAGTTGTATAGTTGTAG,,,,,,,,,,,
HM147824.1WestNilevirusfromDemocraticRepublicoftheCongo_completegenome,,CGA,,GTTGAGTAGTGATATAGTTGTAG,,A,,GA,,,,,,,
HQ537483.1WestNilevirusisolateNeaSanta-Greece-2010_completegenome,,CGA,,ATTGAGTAGTTGTATAGTTGTAG,,A,,GT,,,,,,,
KY594040.1WestNilevirusisolate341/2010_completegenome,,CGA,,ATTGAGTAGTTGTATAGTTGTAG,,A,,GT,,,,,,,
MN481592.1WestNilevirusisolateS33_GrM_2012/Thessaloniki_1_completegenome,,CGA,,ATTGAGTAGTTGTATAGTTGTAG,,A,,GT,,,,,,,
MN481593.1WestNilevirusisolateS34_GrM_2012/Thessaloniki_2_completegenome,,CGA,,ATTGAGTAGTTGTATAGTTGTAG,,A,,GT,,,,,,,
MN481594.1WestNilevirusisolateS35_GrM_2012/Pella_completegenome,,CGA,,ATTGAGTAGTTGTATAGTTGTAG,,A,,GT,,,,,,,
MN481597.1WestNilevirusisolateS38_GrM_2012/Imathia_completegenome,,CGA,,ATTGAGTAGTTGTATAGTTGTAG,,A,,GT,,,,,,,
MN481595.1WestNilevirusisolateS36_GrM_2010/Thessaloniki_completegenome,,CGA,,ATTGAGTAGTTGTATAGTTGTAG,,A,,GT,,,,,,,
MN481596.1WestNilevirusisolateS37_GrM_2011/Thessaloniki_completegenome,,CGA,,ATTGAGTAGTTGTATAGTTGTAG,,A,,GT,,,,,,,
KJ883346.1WestNilevirusstrainGreece/2013/Thessaloniki_4_completegenome,,CGA,,ATTGAGTAGTTGTATAGTTGTAG,,A,,GT,,,,,,,
KC496015.1WestNilevirusstrain578/10_completegenome,,CGA,,ATTGAGTAGTTGTATAGTTGTAG,,A,,GT,,,,,,,
KF179639.1WestNilevirusstrainGreece/2012/Kavala/39.1_completegenome,,CGA,,ATTGAGTAGTTGTATAGTTGTAG,,A,,GT,,,,,,,
KJ883343.1WestNilevirusstrainGreece/2013/Xanthi_1_completegenome,,CGA,,ATTGAGTAGTTGTATAGTTGTAG,,A,,GT,,,,,,,
KJ883344.1WestNilevirusstrainGreece/2013/Xanthi_2_completegenome,,CGA,,ATTGAGTAGTTGTATAGTTGTAG,,A,,GT,,,,,,,
KJ883348.1WestNilevirusstrainGreece/2013/Kavala_2_completegenome,,CGA,,ATTGAGTAGTTGTATAGTTGTAG,,A,,GT,,,,,,,
KJ883349.1WestNilevirusstrainGreece/2013/Xanthi_5_completegenome,,CGA,,ATTGAGTAGTTGTATAGTTGTAG,,A,,GT,,,,,,,
KJ883345.1WestNilevirusstrainGreece/2013/Xanthi_3_completegenome,,CGA,,ATTGAGTAGTTGTATAGTTGTAG,,A,,GT,,,,,,,
KU206781.1WestNilevirusstrainBulgaria/2015/Sofia_completegenome,,CGA,,ATTGAGTAGTTGTATAGTTGTAG,,A,,GT,,,,,,,
MN481591.1WestNilevirusisolateS38b_GrTh_2018/Rhodope_completegenome,,CGA,,ATTGAGTAGTTGTATAGTTGTAG,,A,,GT,,,,,,,
MH021189.1WestNilevirusisolateWNV/Belgium/2017/Antwerpen_completegenome,,CGA,,ATTGAGTAGTTGTATAGTTGTAG,,A,,GA,,,,,,,AACACACCCA
MN480794.1WestNilevirusisolateThessaloniki_MC139m/2018_completegenome,,CGA,,ATTGAGTAGTTGTATAGTTGTAG,,A,,GA,,,,,,,
MN481589.1WestNilevirusisolateS33b_GrM_2018/Thessaloniki_completegenome,,CGA,,ATTGAGTAGTTGTATAGTTGTAG,,A,,GA,,,,,,,
MN652878.1WestNilevirusisolateThessaloniki_MC26m/2018_completegenome,,CGA,,ATTGAGTAGTTGTATAGTTGTAG,,A,,GA,,,,,,,
MN480793.1WestNilevirusisolatePella_435h/2018_completegenome,,CGA,,ATTGAGTAGTTGTATAGTTGTAG,,A,,GA,,,,,,,
MN652879.1WestNilevirusisolatePella_MC36m/2018_completegenome,,CGA,,ATTGAGTAGTTGTATAGTTGTAG,,A,,GA,,,,,,,
MN480795.1WestNilevirusisolatePella_677h/2018_completegenome,,CGA,,ATTGAGTAGTTGTATAGTTGTAG,,A,,GA,,,,,,,
MN652880.1WestNilevirusisolateThessaloniki_MC82m/2018_completegenome,,CGA,,ATTGAGTAGTTGTATAGTTGTAG,,A,,GA,,,,,,,
MN480792.1WestNilevirusisolateThessaloniki_354h/2018_completegenome,,CGA,,ATTGAGTAGTTGTATAGTTGTAG,,A,,GA,,,,,,,
MN481590.1WestNilevirusisolateS14c_GrM_2018/Thessaloniki_completegenome,,CGA,,ATTGAGTAGTTGTATAGTTGTAG,,A,,GA,,,,,,,
MT341470.1WestNilevirusisolateLarisa-3m-Greece-2019_completegenome,,CGA,,ATTGAGTAGTTGTATAGTTGTAG,,A,,GA,,,,,,,
MT341471.1WestNilevirusisolateKarditsa-13m-Greece-2019_completegenome,,CGA,,ATTGAGTAGTTGTATAGTTGTAG,,A,,GA,,,,,,,
JN858070.1WestNilevirusisolateItaly/2011/AN-2_completegenome,,CGA,,ATTGAGTAGTTGTATAGTTGTAG,,A,,GT,,,,,,,
KF179640.1WestNilevirusstrainAustria/2008_gh_completegenome,,CGA,,ATTGAGTAGTTGTATAGTTGTAG,,A,,GT,,,,,,,
KP780837.1WestNilevirusisolateSepperl_completegenome,,CGA,,ATTGAGTAGTTGTATAGTTGTAG,,A,,GT,,,,,,,
KP780838.1WestNilevirusisolateMismo_completegenome,,CGA,,ATTGAGTAGTTGTATAGTTGTAG,,A,,GT,,,,,,,
MH244512.1WestNilevirusstrain286.B/2013/VelkyBiel/SVK_completegenome,,CGA,,ATTGAGTAGTTGTATAGTTGTAG,,A,,GT,,,,,,,
KM203860.1WestNilevirusstrainCz13-104_completegenome,,CGA,,ATTGAGTAGTTGTATAGTTGTAG,,A,,GT,,,,,,,
KM203863.1WestNilevirusstrainCz13-502_completegenome,,CGA,,ATTGAGTAGTTGTATAGTTGTAG,,A,,GT,,,,,,,
MF984343.1WestNilevirusstrainPatient2/Austria/2015_Pa2/15__completegenome,,CGA,,ATTGAGTAGTTGTATAGTTGTAG,,A,,GT,,,,,,,
MF984350.1WestNilevirusstrainHorse2/Austria/2016_Ho2/16__completegenome,,CGA,,ATTGAGTAGTTGTATAGTTGTAG,,A,,GT,,,,,,,
MF984349.1WestNilevirusstrainHorse1/Austria/2016_Ho1/16__completegenome,,CGA,,ATTGAGTAGTTGTATAGTTGTAG,,A,,GT,,,,,,,
MF984345.1WestNilevirusstrainFalcon/Austria/2015_Bi2/15__completegenome,,CGA,,ATTGAGTAGTTGTATAGTTGTAG,,A,,GT,,,,,,,
KM203861.1WestNilevirusstrainCz13-329_completegenome,,CGA,,ATTGAGTAGTTGTATAGTTGTAG,,A,,GT,,,,,,,
KM203862.1WestNilevirusstrainCz13-479_completegenome,,CGA,,ATTGAGTAGTTGTATAGTTGTAG,,A,,GT,,,,,,,
KM659876.1WestNilevirusstrainBD-AUT_completegenome,,CGA,,ATTGAGTAGTTGTATAGTTGTAG,,A,,GT,,,,,,,
KP109691.1WestNilevirusstrainblooddonor/Vienna/2014_completegenome,,CGA,,ATTGAGTAGTTGTATAGTTGTAG,,A,,GT,,,,,,,
MH244510.1WestNilevirusstrain486.B/2014/VelkyBiel/SVK_completegenome,,CGA,,ATTGAGTTGTTGTATAGTTGTAG,,A,,GT,,,,,,,
MH244511.1WestNilevirusstrain291.B/2013/VelkyBiel/SVK_completegenome,,CGA,,ATTGAGTAGTTGTATAGTTGTAG,,A,,GT,,,,,,,
KP109692.1WestNilevirusstrainCx.pipiens/Vienna/2014_completegenome,,CGA,,ATTGAGTAGTTGCATAGTTGTAG,,A,,GT,,,,,,,
MF984342.1WestNilevirusstrainPatient1/Austria/2015_Pa1/15__completegenome,,CGA,,ATTGAGTAGTTGTATAGTTGTAG,,A,,GT,,,,,,,
MF984344.1WestNilevirusstrainGoshawk/Austria/2015_Bi1/15__completegenome,,CGA,,ATTGAGTAGTTGTATAGTTGTAG,,A,,GT,,,,,,,
MH986055.1WestNilevirusstrain1382/2018/Berlin/Ger_completegenome,,CGA,,ATTGAGTAGTTGTATAGTTGTAG,,A,,GT,,,,,,A,
MH986056.1WestNilevirusstrain1617/2018/Rostock/Ger_completegenome,,CGA,,ATTGAGTAGTTGTATAGTTGTAG,,A,,GT,,,,,,A,
MN794935.1WestNilevirusstrainBNI-10/19_completegenome,,CGA,,ATTGAGTAGTTGTATAGTTGTAG,,A,,GT,,,,,,A,TCTT
MF984341.1WestNilevirusstrainBlooddonorBlooddonor5/Austria/2015_BD5/15__completegenome,,CGA,,ATTGAGTAGTTGTATAGTTGTAG,,A,,GT,,,,,,,
MH244513.1WestNilevirusstrain200.B/2013/Secovce/SVK_completegenome,,CGA,,ATTGAGTAGTTGTATAGTTGTGG,,A,,GT,,,,,,,
KP780839.1WestNilevirusisolateBerliner_completegenome,,CGA,,ATTGAGTAGTTGTATAGTTGTAG,,A,,GT,,,,,,,
KF588365.1WestNilevirusstrainItaly/2013/Rovigo/32.1_completegenome,,CGA,,ATTGAGTAGTTGTATAGTTGTAG,,A,,GT,,,,,,,
KF647252.1WestNilevirusstrainItaly/2013/Rovigo/35.1_completegenome,,CGA,,ATTGAGTAGTTGTATAGTTGTAG,,A,,GT,,,,,,,
KP789960.1WestNilevirusstrainItaly/2013/Mantova/36.1_completegenome,,CGA,,ATTGAGTAGTTGTATAGTTGTAG,,A,,GT,,,,,,,
KF647251.1WestNilevirusstrainItaly/2013/Padova/34.1_completegenome,,CGA,,ATTGAGTAGTTGTATAGTTGTAG,,A,,GT,,,,,,,
KF647249.1WestNilevirusstrainItaly/2013/Rovigo/33.2_completegenome,,CGA,,ATTGAGTAGTTGTATAGTTGTAG,,A,,GT,,,,,,,
KP789953.1WestNilevirusstrainItaly/2014/Pavia1_completegenome,,CGA,,ATTGAGTAGTTGTATAGTTGTAG,,A,,GT,,,,,,,
KP789954.1WestNilevirusstrainItaly/2014/Cremona2_completegenome,,CGA,,ATTGAGTAGTTGTATAGTTGTAG,,A,,GT,,,,,,,
KP789958.1WestNilevirusstrainItaly/2014/Pavia5_completegenome,,CGA,,ATTGAGTAGTTGTATAGTTGTAG,,A,,GT,,,,,,,
KT207792.1WestNilevirusisolate1270/14_completegenome,,CGA,,ATTGAGTAGTTGTATAGTTGTAG,,A,,GT,,,,,,,
KP789955.1WestNilevirusstrainItaly/2014/Verona/35.1_completegenome,,CGA,,ATTGAGTAGTTGTATAGTTGTAG,,A,,GT,,,,,,,
KP789957.1WestNilevirusstrainItaly/2014/Cremona4_completegenome,,CGA,,ATTGAGTAGTTGTATAGTTGTAG,,A,,GT,,,,,,,
KP789956.1WestNilevirusstrainItaly/2014/Verona/35.2_completegenome,,CGA,,ATTGAGTAGTTGTATAGTTGTAG,,A,,GT,,,,,,,
KP789959.1WestNilevirusstrainItaly/2014/Pavia4_completegenome,,CGA,,ATTGAGTAGTTGTATAGTTGTAG,,A,,GT,,,,,,,
KF647248.1WestNilevirusstrainItaly/2013/Rovigo/34.1_completegenome,,CGA,,ATTGAGTAGTTGTATAGTTGTAG,,A,,GT,,,,,,,
KF647250.1WestNilevirusstrainItaly/2013/Rovigo/33.1_completegenome,,CGA,,ATTGAGTAGTTGTATAGTTGTAG,,A,,GT,,,,,,,
KC407673.1WestNilevirusisolateSad/12_completegenome,,CGA,,ATTGAGTAGTTGTATAGTTGTAG,,A,,GT,,,,,,,
MT341472.1WestNilevirusisolatePleven_10m-Bulgaria-2018_completegenome,,CGA,,ATTGAGTAGTTGTATAGTTGTAG,,A,,GT,,,,,,,
KC496016.1WestNilevirusstrainNoviSad-2010_completegenome,,CGA,,ATTGAGTAGTTGTATAGTTGTAG,,A,,GT,,,,,,,
KT359349.1WestNilevirusstrain2014/hun_completegenome,,CGA,,ATTGAGTAGTTGTATAGTTGTAG,,A,,GT,,,,,,,
KP780840.1WestNilevirusisolateTammy_completegenome,,CGA,,ATTGAGTAGTTGTATAGTTGTAG,,A,,GT,,,,,,,
EF429199.1WestNilevirusSA381/00_completegenome,,CGA,,ATTGAGTAGTTGCATAGTTGTAG,,A,,GA,,,,,RR,,
KT207791.1WestNilevirusisolate792/14_completegenome,,CGA,,GTTGAGTAGTTGTATAGTTGTAG,,A,,GA,,,,,,,
MH939154.1WestNilevirusstrainDD84c_completegenome,,CGA,,GTTGAGTAGTTGTATAGTTGTAG,,A,,GA,,,,,,,
MH939153.1WestNilevirusstrainDD58c_completegenome,,CGA,,GTTGAGTAGTTGTATAGTTGTAG,,A,,GA,,,,,,,
MN619802.1WestNilevirusisolateVolgograd723/18_completegenome,,CGA,,GTTGAGTAGTTGCATAGCTGTAG,,A,,GA,,,,,,,
MN619801.1WestNilevirusisolateVolgograd696/18_completegenome,,CGA,,GTTGAGTAGTTGTATAGCTGTAG,,A,,GA,,,,,,,
HM147823.1WestNilevirusfromMadagascar_completegenome,,CGA,,ATTGAATAGTTGTACAGTTGCAG,,A,,GAT,,,,,,,
HM147822.1WestNilevirusfromSouthAfrica_completegenome,,CAA,,ATTGGGTAGTTGTATTATTGTAGTTTAGTTGATTTAG,T,A,,AT,,,,,,,
FJ159129.1WestNilevirusisolate101_5-06-Uu_completegenome,,,GC,ACCC,,,TA,,,,TACAGA,,,,
FJ159130.1WestNilevirusisolate5_50-05-Uu_completegenome,,,GC,ACCC,,,TA,,,,TACATA,,,,
FJ159131.1WestNilevirusisolate8_1-05-Uu_completegenome,,,GC,ACCC,,,TA,,,,TATAGA,,,,
DQ256376.1WestNilevirusstrain804994_completegenome,,,,,,,GTA,,G,G,,,,,
JX041632.1WestNilevirusstrainIg2266_completegenome,,,,,,,GTA,,G,,,A,,,
FJ483548.1WestNilevirusstrain15217_completegenome,,,,,,,,,G,,,,,,
FJ483549.1WestNilevirusstrain15803_completegenome,,,,,,,,,G,,,,,,
GU011992.2WestNilevirusstrainIta09_completegenome,,,,,,,,,G,,,,,,
JF719068.1WestNilevirusisolateItaly/2009/J-225677_completegenome,,,,,,,,,G,,,,,,
KF234080.1WestNilevirusstrainItaly/2009/FIN_completegenome,,,,,,,,,G,,,,,,
JF719065.1WestNilevirusisolateItaly/2008/J-242853_completegenome,,,,,,,,,G,,,,,,
JF719067.1WestNilevirusisolateItaly/2009/G-223184_completegenome,,,,,,,,,G,,,,,,
JF719066.1WestNilevirusisolateItaly/2008/M-203204_completegenome,,,,,,,,,G,,,,,,
JX123030.1WestNilevirusisolateV11-03_completegenome,,,,,,,,,G,,,,,,
JX123031.1WestNilevirusisolateV11-07_completegenome,,,,,,,,,G,,,,,,
